PM10,PM2.5
94.292,66.976
82.05799999999998,55.39999999999999
71.252,37.1958
54.968999999999994,25.2403
26.600799999999996,8.249
25.217,6.7485
18.031,5.4032
16.0849,4.78739
19.8725,5.4768
23.4339,6.2983
29.171000000000003,8.1903
26.0567,8.9733
30.3617,10.4442
23.9575,10.4542
24.2223,13.0478
22.7175,12.03
25.765,12.9375
19.5446,13.8125
19.9418,14.122200000000001
23.0082,16.4835
26.024100000000004,18.7648
24.6058,18.1308
31.5492,22.4937
40.6721,29.4146
32.1509,21.9441
33.4568,22.4835
40.3651,23.1477
55.86500000000001,25.580099999999998
46.5735,21.6
54.651999999999994,21.668000000000006
44.316,15.1601
25.1343,8.8931
29.656399999999998,9.8743
33.0409,8.0169
30.4915,9.4577
46.2767,15.0747
44.4208,18.4558
36.3068,19.1862
31.185100000000002,17.3213
23.3222,16.0844
20.4676,14.3852
18.0187,12.6426
19.5637,13.9416
18.5987,14.4263
16.8837,13.397200000000002
20.3375,15.1012
19.3042,14.5178
26.0113,18.427
23.2852,16.1977
24.5787,16.6112
24.5643,16.53
25.089299999999998,16.98
31.942499999999995,17.6116
36.0894,17.4567
35.9083,16.715
36.6608,15.9292
32.7475,14.81
31.3283,13.9333
30.828300000000002,13.577499999999999
39.9123,18.0823
39.2779,20.4882
40.8575,23.6358
38.2538,23.125
30.787100000000002,19.7581
27.753600000000002,17.9321
20.8975,15.609600000000002
21.9974,17.4889
23.1627,17.5274
24.2715,18.9708
26.1701,21.2278
29.4421,22.6035
29.0013,22.2671
26.5492,18.4811
32.8984,22.4247
36.8929,25.2
39.1212,26.725799999999996
34.155,23.205
38.0458,21.5453
37.2672,23.2108
33.125,21.285
34.095,21.88
37.6352,21.1455
33.5033,18.5233
39.4337,21.3005
29.3083,14.312500000000002
25.119200000000003,14.195000000000002
15.8794,11.5225
27.4261,18.4057
25.7285,18.7328
58.843,9.5042
4.56,3.36667
2.58818,2.03091
4.21438,3.3301399999999997
4.53902,3.4548799999999997
3.5219000000000005,2.97273
4.96875,4.2965300000000015
8.7136,7.6639
8.8419,7.336299999999999
15.295799999999998,13.067
30.573,21.323
21.99,17.83
20.0083,16.3333
19.4516,16.5836
21.205,16.95
42.3438,28.6594
43.8685,29.5327
37.5058,26.4342
32.7804,23.1667
33.7167,22.5484
30.711299999999998,20.6465
22.6542,15.974199999999998
16.214000000000002,11.793
10.9714,7.3286
9.6533,6.550800000000001
13.7733,9.296
15.9125,10.7979
9.8702,7.5656
10.2348,8.0966
9.9114,8.0281
3.84764,3.43482
2.59382,2.1741200000000003
7.8928,6.272499999999999
15.133900000000002,10.8271
12.1518,9.783
25.3131,17.4428
25.3058,17.009
22.9333,15.5883
24.745,13.5583
31.4164,14.4295
21.1533,14.346700000000002
19.61,13.31
16.1858,10.85
15.8093,11.1067
16.1515,12.053
12.2258,9.9817
7.1000000000000005,5.9921
9.3183,7.7308
4.48197,3.76475
8.295,7.654300000000001
11.0262,10.0567
13.516300000000001,12.647999999999998
10.4577,9.0423
5.4481,5.0667
44.504030777639294,32.27965790303225
6.5375,6.121899999999999
9.378,8.0275
7.0134,5.6463
9.6558,8.3442
15.0034,13.2564
19.8093,17.9099
16.9845,15.822499999999998
13.2185,11.6741
15.0719,13.1859
26.44,18.1329
22.3855,15.9677
21.8831,15.1977
20.6496,14.079900000000002
24.05,16.45
21.3733,15.0117
27.595,18.9717
28.443299999999997,19.67
23.7208,17.9883
27.7775,21.6425
29.473900000000004,24.3644
36.0842,32.73
39.1725,35.6608
47.0577,43.5642
40.1208,35.4742
45.7311,40.7044
33.3586,28.9143
26.1313,19.0453
25.7283,20.2087
35.1774,26.733899999999995
19.7561,16.0238
11.5804,10.1891
15.2629,11.5741
25.9983,19.6597
25.218200000000003,19.2446
34.9575,23.8712
25.007,17.712
26.98,19.1962
35.5735,25.263899999999996
36.223,25.7328
26.622200000000003,19.5556
31.990000000000002,25.5433
30.3449,22.1573
32.7283,23.8367
31.88,24.2643
37.9,32.8917
60.165,55.35000000000001
51.63199999999999,47.5172
47.1983,44.6233
48.7017,42.5408
44.5458,38.4258
35.7724,31.2191
26.6225,21.68
21.4592,17.835
19.5645,14.770900000000001
18.7466,14.5578
20.0816,14.0632
20.6444,13.3833
30.033299999999997,16.2638
28.3653,20.1986
25.529,18.3661
27.046600000000005,18.2663
29.0321,20.5186
29.8863,21.2464
34.3379,25.103900000000003
29.927299999999995,21.5
33.8279,23.3932
42.789,29.2488
41.2727,29.5991
45.2954,30.9965
54.167,38.1517
62.527,46.4635
58.596999999999994,44.3164
53.479000000000006,43.6443
59.655,47.4383
58.74700000000001,40.9433
55.942,28.2117
47.8633,20.0483
37.8317,16.2638
28.3167,12.2375
20.4836,8.2647
28.2508,8.3925
21.082,7.45
19.15,6.612700000000001
38.2471,10.2581
34.5469,9.7859
35.2904,16.0603
25.0765,9.9824
25.7695,11.719
20.9965,11.6482
16.744,11.226
14.9257,10.3107
16.3347,11.1366
15.7869,11.38
17.8009,12.414
21.7058,14.9428
31.3418,20.9052
28.721899999999998,19.2521
25.0577,16.9188
25.67,17.2867
42.5797,16.9906
42.3483,17.1433
30.9735,14.1518
31.753299999999996,10.1
28.46,8.8267
26.013199999999998,8.4845
20.3308,5.965800000000001
23.2358,8.4825
33.3233,9.875
33.7727,9.8664
32.2469,15.828099999999997
26.356600000000004,16.1697
17.6452,11.95
19.2986,13.1188
20.3746,13.7284
19.6418,13.4006
19.7692,13.511199999999999
21.4443,15.0705
34.1913,24.4121
37.983,27.4556
40.8097,27.282500000000002
31.6147,22.2177
25.8671,20.1729
26.215099999999996,20.3488
26.8,20.3825
25.883599999999998,17.6373
25.678999999999995,16.2194
20.9817,13.75
25.1517,15.7842
23.5483,13.8683
18.6759,12.255999999999998
27.079499999999996,12.738500000000002
33.2034,16.1977
31.5382,16.7632
44.6378,26.1183
45.8042,27.409999999999997
46.5518,31.235700000000005
33.275,23.966699999999996
32.1,22.6032
48.6595,35.7447
42.4382,33.5921
34.0238,30.569000000000006
44.0386,32.8605
43.004,35.223
43.86,37.6052
41.5375,34.5012
45.8713,37.666
42.5203,34.3635
33.806,27.7714
35.9333,28.358
49.767199999999995,33.1738
49.4771,39.95
49.3802,36.5606
49.7733,36.7083
52.093,37.7333
61.258,44.7483
47.59,31.729199999999995
70.42399999999998,35.0561
26.82,6.9417
11.6461,6.5667
9.4783,7.1925
8.2031,6.722900000000001
6.9629,6.1079
7.1284,6.0233
5.8292,4.8875
9.8361,8.8111
8.1162,7.151399999999999
7.1435,6.751100000000001
6.6512,6.406999999999999
6.2768,6.0042
7.7632,7.233299999999999
9.0383,7.8812
7.514399999999999,6.6232999999999995
6.327600000000001,5.8231
8.9047,6.8882
13.0421,9.7855
17.7154,10.0571
15.2208,8.8338
13.7586,9.6757
16.058,11.0848
17.5687,11.877599999999997
14.484399999999999,9.9047
14.0433,9.9017
21.0433,15.0658
14.1,9.5667
20.2925,13.896699999999997
11.6758,8.3575
11.5391,8.3556
14.3475,10.4825
14.7808,11.7103
14.9341,11.1329
16.3806,11.6663
18.8776,12.9961
22.3861,14.9264
20.0163,13.4587
16.8136,11.5197
16.1332,10.9092
19.2934,12.973000000000003
15.501300000000002,10.7671
12.337300000000003,8.7888
5.3098,4.33913
4.734380000000002,4.030469999999998
8.7407,6.9284
10.9559,8.7882
12.9923,10.7038
15.1178,12.9014
18.9469,14.5391
16.8733,14.3433
19.41,17.865
16.6267,14.494200000000001
24.5717,21.2633
24.513300000000005,20.7567
19.2958,16.4525
19.4617,16.5275
19.3458,17.2242
25.8683,23.1425
32.0233,29.022499999999997
24.364399999999996,21.8394
22.8427,19.349
24.643700000000003,19.2196
16.3614,13.0977
15.655600000000002,10.9333
13.610500000000002,9.5242
17.3676,9.9176
11.818,9.0468
12.2128,8.5344
21.1274,11.2575
18.8532,13.9014
21.8303,15.888999999999998
21.8769,16.465999999999998
14.3295,11.0211
18.0835,12.875
27.8386,20.2535
24.2589,18.1507
27.3283,21.205
20.4767,15.8717
17.565,14.2567
24.381699999999995,20.775
25.6267,22.74
25.4217,22.8717
20.8725,17.8242
20.3039,16.8828
23.8722,19.2183
20.1458,16.0467
16.1808,12.6417
18.9575,12.862499999999999
18.4365,11.2808
14.709299999999999,10.4714
16.2182,9.4273
8.38,6.639999999999999
11.3603,7.9667
12.9906,9.1563
17.3366,9.8335
33.3845,16.9247
21.358,15.3074
31.8841,20.6103
41.6693,28.4784
50.987,35.2137
39.5433,28.334499999999995
41.2586,29.1453
24.9633,20.0983
20.4134,16.4597
31.377399999999998,28.3323
19.66,16.3633
14.605,11.73
11.87,8.9117
11.83,8.65
14.4242,11.2592
17.7792,10.395
26.33,14.0333
26.1833,13.7383
30.3469,15.8747
26.6185,12.7055
26.778599999999997,11.6686
29.261,13.0768
39.5968,20.4436
25.484800000000003,11.5606
26.1973,10.5219
16.8747,11.8325
14.6899,10.2101
11.7398,8.3023
9.2395,6.7581
10.4467,7.2305
12.746300000000002,8.709
18.159,12.418800000000001
15.6759,11.6069
12.2577,9.838
10.0813,7.498700000000001
6.4417,4.79
5.9524,4.70638
9.8767,8.0583
12.9817,9.45
19.74,13.1883
16.3483,10.92
16.6952,9.1857
17.7859,7.9442
14.153300000000002,7.514999999999999
12.9408,9.3683
19.3608,13.2183
17.0427,11.7255
14.789800000000001,10.1566
12.4629,8.6
9.012,6.2228
10.4113,7.316
12.222000000000001,8.318
8.1673,5.922699999999999
9.0546,6.8515
7.525499999999999,5.7651
6.5936,6.220999999999999
8.3543,8.1619
14.998300000000002,14.7811
4.46136,4.23485
4.39697,4.1197
5.3024,4.9544
4.87312,4.47312
17.5667,11.803299999999998
15.9013,10.7346
10.9746,7.4731
10.79,7.3133
10.2533,7.1067
9.3492,5.375
7.372000000000001,5.1762
9.7083,7.8042
16.6083,11.5533
17.795,11.979199999999999
19.415,13.2108
21.7,15.5642
19.9614,14.1053
28.1356,18.9596
29.2286,20.2971
65.583,53.761
76.363,68.598
63.63800000000001,58.915
34.4437,32.1963
26.760600000000004,23.744699999999998
61.79,58.077999999999996
33.7263,31.608499999999996
25.4389,24.6153
28.7966,26.3777
33.5808,25.8372
30.0155,21.2398
29.3698,21.2882
26.1347,19.6295
25.8759,19.6645
25.4362,15.54
31.6301,17.2356
27.748300000000004,18.2183
26.014999999999997,16.1283
27.5717,16.91
30.9267,17.4633
25.241700000000005,16.47
16.9425,12.53
19.9408,13.9633
19.6567,14.238299999999999
11.56,8.4055
10.3436,8.0345
12.8336,9.5109
13.2571,10.5393
16.4214,12.6536
17.7441,14.5647
26.0182,19.0409
25.5262,18.7464
31.4234,23.515600000000003
33.0965,23.592
29.825,20.1414
24.9097,19.9708
30.3974,21.1455
25.8097,17.7602
29.007,17.615
28.116499999999995,13.5641
27.162899999999997,14.4429
25.7261,13.9145
28.7767,15.6567
26.976500000000005,17.4809
22.2067,16.4517
18.5967,14.2167
24.02,18.855
15.864999999999998,13.0267
15.3825,12.6725
16.0575,13.9633
16.9335,14.6193
15.6967,13.7725
16.6127,13.6392
22.4398,18.337
22.9697,18.5566
21.4086,16.2845
18.2613,14.5896
16.7921,13.1908
17.2484,13.1419
19.137,11.2929
18.1204,10.0333
10.0288,6.8739
9.0139,5.7
8.8401,4.90724
14.7957,8.7924
14.7393,8.8921
19.7216,9.975
17.6447,12.4213
11.0902,7.677
11.5333,9.3233
14.655,11.235
12.461699999999999,9.8233
13.49,10.7233
11.9408,10.0075
10.1333,9.0792
7.2058,6.48
8.7192,7.9392
9.839,9.1051
10.62,9.46
11.2723,8.8214
12.9975,9.6975
10.0234,8.2661
8.8687,7.4125
12.3755,8.4122
13.3317,7.2317
7.2015,5.7884
8.0957,6.0409
9.8969,7.1677
10.5346,7.2905
13.0339,8.9633
16.8455,9.0889
21.0413,12.6516
14.1228,10.3272
12.3983,9.5133
22.9285,16.8869
24.673299999999998,19.055
21.0911,16.0336
22.745,18.06
27.06,22.5517
40.3233,35.0417
63.655,60.371
48.0283,41.6683
31.2808,27.8125
24.240799999999997,19.975
23.2808,17.6725
20.1877,15.670799999999998
13.1758,9.7492
18.2333,10.8744
22.6644,12.1311
15.5692,9.7462
15.46,12.01
16.3879,13.0687
8.6893,7.6929
14.425400000000002,12.3696
26.4037,18.3914
26.9218,19.2181
30.4953,22.9271
30.6484,21.8428
33.423,24.4187
28.715,21.225
23.2585,16.5774
21.3219,15.9484
24.8983,19.2367
12.6597,10.9839
5.6933,4.75
8.7983,7.214999999999999
15.445,11.6967
21.1,15.2133
27.74,19.1617
32.361,22.6876
22.1169,15.7989
22.9658,12.0792
21.9657,13.5784
16.5881,8.4534
16.4513,9.409
12.701599999999997,6.996800000000001
16.5976,10.6071
31.116700000000005,20.2208
17.14,13.540000000000001
27.02,19.9436
27.1556,20.5481
15.503799999999998,11.0731
19.7224,13.431
16.3862,11.3224
12.9528,8.811
15.7769,10.8744
21.7077,14.9785
24.883299999999995,18.4542
25.72,19.36
22.9859,17.5718
22.0578,16.7859
24.5033,18.1098
27.831700000000005,20.96
27.4233,20.915
32.3993,25.3771
28.3366,22.4535
27.94,21.2217
19.0892,14.3617
19.9667,15.1675
31.3958,19.8783
22.8528,18.6198
28.6442,20.2625
21.9382,15.0237
24.4667,16.8019
26.6492,18.4885
44.504030777639294,32.27965790303225
15.771699999999997,10.7657
21.8907,14.95
19.5931,14.126699999999998
22.4669,17.114
19.1272,16.7719
13.4448,12.2916
33.4525,31.7967
32.4656,30.3875
29.3681,27.2785
14.1446,12.22
14.256199999999998,10.4812
20.6375,14.8175
17.6446,13.753599999999999
33.4048,22.5798
12.2941,9.0388
12.164399999999999,9.9404
17.4799,10.4375
10.5724,7.5336
12.771300000000002,9.3983
20.8853,15.085299999999998
17.7784,12.821599999999998
23.7492,16.6571
20.7951,14.787300000000002
17.6479,12.4958
18.7217,12.9283
21.2133,14.91
18.2099,13.6852
25.8667,18.5783
30.836700000000004,22.8183
27.4342,23.5133
33.2808,28.605000000000004
34.875,30.7767
37.3525,32.3242
37.1875,30.5283
27.882500000000004,21.2683
28.843099999999996,19.7833
20.4739,14.703299999999999
20.5609,16.0196
21.8125,19.4708
9.7283,8.2033
10.8027,9.7142
11.8149,9.7552
22.456,15.3648
25.197,17.23
24.0652,18.1948
33.6484,25.8172
25.8549,19.1873
14.4378,11.2513
23.2239,17.8576
27.1567,19.0687
20.4275,14.324500000000002
23.9985,17.6268
30.2311,24.470500000000005
24.6467,20.01
21.7672,18.4393
9.9417,8.85
21.3831,18.0028
15.3079,13.134899999999998
6.5606,6.0833
6.373300000000001,5.36
9.0525,8.0225
17.4129,14.2457
23.1508,15.6283
22.6218,15.1923
13.130900000000002,9.3819
18.0118,13.013199999999998
17.8712,12.8379
15.135700000000002,10.7143
16.0507,11.1207
17.636,12.268000000000002
15.6747,11.2929
12.7328,8.7272
15.089700000000002,10.3509
10.8842,8.6719
9.4742,8.0928
9.8955,7.5328
9.0161,7.578500000000001
2.195,1.9050000000000002
5.5412,4.54625
6.1311,5.2
9.2767,8.71
8.6246,8.314
9.58,8.0633
17.54,12.2567
23.66,17.325
20.2633,15.6425
21.0183,14.7733
23.06,14.47
20.7483,12.8133
28.531699999999997,16.43
25.4167,18.1917
19.1308,13.2692
24.7683,17.9037
23.9,17.500999999999998
20.875,16.0765
15.45,11.2333
22.5711,15.5008
20.0452,13.4226
15.7647,10.6625
15.7357,10.7405
13.744900000000001,9.8746
15.8351,11.3461
23.359,18.1543
21.8317,17.815
4.39804,4.09804
2.98571,2.69524
9.4489,7.2425999999999995
13.749300000000002,9.9803
17.32,13.515
16.9264,13.9887
15.3794,12.6729
14.5759,11.938599999999997
13.8116,10.4012
9.6361,6.862300000000001
13.5563,7.6099
16.31,8.905
22.94,12.063300000000002
19.6082,13.813100000000002
21.6,15.615
32.345,24.608299999999996
39.4792,30.8175
47.0775,36.4175
76.325,63.11899999999999
68.067,54.687
64.0,52.678
64.697,54.99499999999999
62.119,54.36
47.5462,41.8376
69.16,63.107
56.396,51.229
49.3481,43.7807
41.8306,35.4015
27.2695,22.4707
32.599000000000004,26.098000000000003
31.9832,26.172399999999996
33.3861,26.285799999999995
27.970500000000005,22.8902
26.985000000000003,22.74
30.6573,22.7912
23.623,17.9754
17.9366,13.511
21.4283,16.3567
27.98,21.3925
27.438300000000005,22.3233
26.9485,20.4194
29.8175,24.1583
31.6125,27.375
35.5866,32.3864
33.9794,30.9756
27.9075,25.9396
31.8549,29.7609
31.216099999999997,28.2891
29.3527,26.8969
29.5209,26.847799999999996
21.3057,18.0148
13.642199999999999,11.1672
11.7145,9.7212
14.2364,11.4961
11.9325,9.3932
14.332,8.7918
11.3827,7.2745
11.1701,7.2303999999999995
12.3156,8.1029
13.1377,8.8723
18.0793,12.073499999999997
30.9902,20.7853
28.6526,11.2224
8.568,7.8167
16.7632,12.7279
8.47,7.915000000000001
11.2893,9.0558
16.65,12.158300000000002
40.6383,37.0083
17.6067,15.415
20.1633,17.3067
22.9367,20.9417
24.147100000000002,21.083
21.6321,17.5498
26.075899999999997,19.6823
22.6342,16.8832
16.0106,11.7013
16.3666,11.7464
15.7571,11.1652
13.313400000000001,9.8654
11.8364,9.0494
11.887,10.0326
13.774299999999998,9.2871
15.357400000000002,10.1776
27.692399999999996,18.1183
27.490899999999996,19.4475
29.056599999999996,22.5744
33.4635,25.582499999999996
32.9156,24.0937
27.343900000000005,22.2424
29.123800000000003,24.521900000000002
29.483099999999997,24.2698
24.7538,20.98
25.7559,23.596500000000002
21.4781,19.2315
26.7098,23.8721
18.1416,16.1509
16.313,14.2444
19.1028,15.7268
18.1133,13.72
21.0457,16.2006
25.6333,14.3617
22.0802,15.2448
24.1901,17.097
14.7261,11.798899999999998
19.7683,11.8958
18.4037,14.108700000000002
24.521899999999995,20.6219
18.3609,18.0266
19.4218,19.1313
20.0603,19.8254
19.7601,19.4135
17.5463,17.5439
23.0877,22.2004
12.4915,12.1337
12.9799,12.7259
38.9812,38.892
56.721,56.596999999999994
27.9707,27.845799999999997
33.6292,33.3053
25.528,25.068300000000004
20.8203,20.5681
15.5188,14.835800000000003
15.1439,13.213599999999998
16.6985,10.9242
14.5333,10.595
5.3192,5.018
5.1988,5.0081
3.3180300000000007,2.85082
6.9592,6.775
11.0233,10.7158
13.0813,12.738300000000002
13.597,13.0523
15.9759,12.8732
18.1909,16.4715
16.0684,13.6449
17.14,14.9278
16.5454,14.094599999999998
13.7054,12.3171
14.8593,14.1279
16.6791,15.5408
19.2937,18.375
18.8157,17.6483
21.2593,19.9679
23.5647,21.9612
19.7335,18.3707
14.635000000000002,12.9796
16.6541,13.9668
14.0729,13.1212
16.3029,13.5426
14.4847,12.0862
10.7921,8.8308
9.8833,7.5567
13.0354,7.5939
7.8054,6.0332
9.1783,6.0967
17.8567,8.8317
24.8983,10.9742
20.5533,14.9883
25.5383,18.9475
29.115000000000002,22.4283
35.4132,26.8044
29.1561,21.8622
34.1287,25.5113
31.2153,23.2113
33.3175,24.386899999999997
32.6483,23.4833
37.5598,28.302899999999998
44.2576,33.0581
35.7509,27.937900000000003
38.0031,27.5158
35.734,27.1186
36.3351,28.3371
34.5028,26.7162
37.3451,30.2174
40.9294,30.0311
36.0829,27.551399999999997
41.5097,29.1329
47.7198,28.2707
38.5173,22.122
38.0733,17.0267
29.8301,16.1559
22.4487,17.0171
24.3092,17.9724
23.1283,17.0783
23.703000000000007,18.1894
21.5392,17.1325
23.0508,18.0992
22.5983,18.3883
20.6458,17.2267
18.8942,15.8117
17.9457,15.317
19.1648,14.4335
17.8043,12.8378
21.2658,14.721099999999998
15.8556,10.7444
15.9443,11.2026
21.1,14.7614
24.675000000000004,14.9318
22.09,10.7145
17.7171,8.0464
22.8594,8.6923
26.422199999999997,10.2296
25.036800000000003,11.5236
15.8565,11.1408
22.0727,15.702600000000002
17.1855,12.7434
17.95,13.4527
14.787500000000001,11.8781
17.9026,13.9321
19.3217,15.0333
19.885,15.225700000000002
16.7655,13.5742
15.699300000000001,12.077600000000002
23.4923,14.765399999999998
17.5473,12.792700000000002
17.3987,12.6494
21.2844,11.3594
15.153100000000002,9.0205
17.8484,8.6566
20.4094,11.332
17.7681,7.466799999999999
13.862500000000002,6.797500000000001
8.1609,5.2391
14.1995,7.2489
17.8468,7.980899999999999
16.8366,7.6148
18.7411,7.6575
30.7608,12.8567
32.409,16.865
29.7833,16.9321
17.5845,9.625
19.8364,11.4907
46.154,26.6365
37.515,23.3625
27.9606,17.0113
46.3161,39.9514
37.457,34.9874
38.6416,35.3074
22.7474,20.6568
33.2523,30.587
22.1975,19.2754
27.5647,22.7534
21.8208,15.739599999999998
19.05,11.9674
23.0325,13.195
9.6636,8.5659
14.087600000000002,10.9383
14.1159,10.5637
16.9806,11.0194
14.380999999999998,11.3345
18.6917,12.3778
24.875,13.7849
35.5322,17.8163
31.4388,20.5474
33.6253,22.2072
35.5,22.2343
51.352999999999994,26.750000000000004
28.3394,18.1219
29.7912,19.9767
22.8683,18.4733
22.445,17.775
27.2783,19.3575
34.4543,30.1143
49.82100000000002,45.4339
49.8322,43.9619
33.7605,28.616700000000005
25.956500000000002,22.1413
24.6606,18.5455
20.5568,17.5415
20.4573,17.55
16.6572,14.446599999999998
16.6543,14.3429
15.1574,12.1765
14.686799999999998,12.5441
19.8096,16.774
23.6459,21.3993
29.052399999999995,25.153999999999996
40.3845,29.0859
32.1382,25.671099999999996
31.2367,25.2667
37.5731,31.510500000000004
29.83,28.3577
34.9635,33.2568
44.8975,39.6372
46.5112,44.0719
50.32,47.507400000000004
60.722,57.27
45.6788,42.9025
35.4465,32.2375
42.4217,36.7233
35.9192,31.2533
28.2817,24.4633
22.9883,19.2125
15.325199999999999,11.5182
15.1067,12.6375
11.6433,9.8875
11.6516,7.8677
11.7528,6.746199999999999
13.832,8.326
17.4762,10.125
26.1216,11.996999999999998
20.5613,13.0975
23.4805,14.775200000000002
30.9304,17.3259
29.4039,16.6772
25.0824,16.3274
26.8753,18.3326
23.2901,18.1191
26.9682,21.8918
48.6142,35.72
52.856,46.6289
46.1762,41.269
48.37850000000001,42.6446
47.9918,41.1623
27.686700000000002,23.215
27.035000000000004,21.755
22.6033,17.03
20.8119,15.311199999999998
19.6475,16.4108
18.5725,15.2292
20.9267,15.5142
23.514,18.0184
26.6759,21.0353
36.2591,27.2476
38.9668,26.750000000000004
37.798,26.753500000000003
47.9138,36.2414
53.968,39.7947
51.015,36.7635
62.89200000000001,45.3793
61.48,52.74
64.589,58.464999999999996
81.077,71.42
49.5,46.8214
48.855500000000006,46.1896
45.6648,42.3905
29.910799999999995,26.856199999999998
26.69,24.029200000000003
31.516900000000003,26.3164
23.89,18.4233
25.550799999999995,19.7392
31.6369,29.5255
15.4038,15.225800000000001
13.1892,13.024199999999999
12.974500000000003,12.779599999999999
14.976699999999997,14.7792
12.205,12.087500000000002
15.381700000000002,15.1033
14.138699999999998,13.6255
18.6467,16.73
10.8878,10.6589
7.0647,6.9868
6.3564,6.1455
8.147,7.845399999999999
12.634100000000002,12.189499999999999
19.2496,17.2878
23.988000000000003,20.36
21.9235,19.0748
21.1594,17.9014
18.1099,13.267600000000002
22.4842,11.6875
29.3879,14.637900000000002
13.4635,8.0512
12.2989,6.3966
13.053799999999999,6.65
15.8773,6.639900000000001
16.0683,6.7467
11.5978,5.9815
17.2818,7.1924
14.1587,7.1286000000000005
20.6067,8.5667
20.9547,9.3777
26.1246,11.3703
20.1583,9.74
16.3058,9.7675
32.0742,15.5275
27.6833,15.1975
24.0617,13.4067
28.283300000000004,17.2598
31.758200000000002,23.611199999999997
39.625,34.9736
43.9199,40.4754
46.7609,43.6412
33.4936,28.3482
34.3425,26.0525
30.071300000000004,20.883000000000006
33.7771,25.416699999999995
23.9172,21.0655
25.721899999999998,16.9141
23.485,17.0692
44.504030777639294,32.27965790303225
19.3522,15.155899999999999
13.816200000000002,10.2739
21.4224,12.2065
31.894,14.718999999999998
29.886,17.9711
29.8671,17.6859
32.8827,21.1391
28.081800000000005,18.8727
28.077699999999997,17.2741
28.706499999999995,16.9839
27.8483,16.155
27.625000000000004,18.255
34.903,22.0893
29.7664,20.8044
38.5643,27.215199999999996
56.556,39.5368
39.6805,30.270700000000005
39.4477,29.7746
38.724,29.212199999999996
27.5978,16.2544
23.7977,14.1253
25.191799999999997,17.4589
28.274999999999995,20.7188
26.6767,18.2783
26.03,18.2783
26.775400000000005,15.5525
24.24,13.556699999999998
23.7817,12.0133
27.504199999999997,14.1867
33.2842,18.1783
21.8058,11.8458
22.743,12.518399999999998
33.29,15.604
29.9525,18.1792
24.6152,16.1152
24.109399999999997,15.9
26.842300000000005,17.3904
30.066700000000004,21.2648
41.3085,35.7319
53.13,47.5501
49.922,42.0735
36.4357,25.888800000000003
33.7714,22.533
35.7937,27.2688
31.2231,24.239999999999995
22.7475,15.5
15.5423,9.6155
13.4426,9.6809
16.1217,9.2783
17.3917,9.5467
21.4083,10.9192
25.9858,13.3725
27.112500000000004,14.5508
25.4983,14.4758
20.5342,12.589199999999998
21.9525,13.665
22.7148,12.142000000000001
23.5121,11.2121
27.672200000000004,13.4841
27.066700000000004,14.5889
40.0578,25.9314
21.1263,14.0455
23.8835,18.8822
42.2773,37.7218
38.9546,34.0768
22.1433,19.2217
21.2925,16.5375
29.629200000000004,21.3283
25.0208,15.2775
30.0508,15.255
31.672299999999996,18.6063
27.0477,15.7311
16.8268,10.6585
22.2255,14.6218
24.0958,16.4025
23.225,16.65
31.6871,16.0922
24.870599999999996,14.9088
18.2667,11.3167
24.2684,12.7965
20.432,10.5883
25.2493,11.4627
20.1904,12.7982
19.239,12.6667
16.983,12.2032
30.7435,23.3685
21.0891,17.1581
9.4716,7.94
7.3933,6.1835
7.340499999999999,6.483300000000001
18.5647,12.0363
31.831799999999998,16.0318
20.0884,11.6744
19.7312,9.5078
15.689599999999999,7.7749999999999995
16.9481,8.5571
12.864299999999998,6.9174
16.973,9.5338
23.6285,10.9032
19.5944,10.07
22.1978,9.5194
19.574,10.0365
16.1386,9.4729
14.785,8.7159
14.9416,7.8618
16.9967,8.5033
21.7533,12.056700000000001
18.5464,10.6101
15.6717,10.0717
16.3967,10.67
19.4533,12.605
22.5558,17.7525
26.5517,21.3008
32.6034,26.8888
29.837499999999995,23.2946
31.0842,16.255
23.1975,12.48
16.3238,10.7333
14.5587,9.8288
15.15,9.2333
17.5916,9.9578
33.2343,17.6806
28.6118,15.07
29.0958,15.0703
32.8298,16.4893
30.915999999999997,16.636
32.7253,20.1795
29.0817,16.7523
22.9571,14.506300000000001
25.716699999999996,14.0733
29.1588,23.5203
54.183,49.166000000000004
52.30100000000001,45.5791
47.2279,42.8275
29.8897,26.7448
21.8368,20.8603
11.8938,11.0181
16.883,15.7929
15.6,14.9186
15.2152,13.4742
17.2917,13.05
16.4269,10.0537
7.9817,5.8433
5.1333,4.9416699999999985
7.0017,6.5083
16.2933,13.8817
16.7967,12.385
15.819200000000002,10.6017
27.828300000000002,15.5542
7.575,6.006700000000001
7.963300000000001,7.2558
20.5274,14.0571
21.2358,15.3767
17.1119,14.2155
17.5045,15.5
18.0212,15.8679
17.9212,15.3525
18.1357,15.6939
19.6187,17.9137
15.7939,14.6317
22.6109,21.3041
20.2172,18.4207
17.6041,15.7722
20.85,16.9258
16.5671,13.022900000000002
11.395,8.1767
12.1467,9.39
13.6292,10.4333
10.6733,7.7932999999999995
8.2992,5.9525
14.0208,7.0392
21.6292,8.6725
21.7283,12.943299999999999
14.6592,11.3725
21.4917,15.543300000000002
25.1462,17.0885
24.0925,15.7212
19.987,13.9565
21.0658,15.4487
6.195799999999999,5.8667
7.7092,7.0913
12.495000000000001,11.823299999999998
14.157700000000002,13.6353
18.3594,17.5062
16.195999999999998,15.296
12.7483,11.4133
20.6288,14.5167
21.206,16.1466
16.5818,13.764500000000002
12.036,8.764
13.9963,8.4981
12.2661,7.5357
10.0667,7.666699999999999
16.0304,8.575
18.8059,10.1696
19.7236,11.8483
24.9799,13.057
20.9216,13.090499999999999
21.3866,13.5051
19.6191,12.687
21.4825,12.313500000000001
28.0451,17.2354
27.9027,20.7733
34.0083,24.6533
36.5227,29.814199999999996
43.4534,38.9822
34.1283,30.6012
36.872,33.0161
36.2667,29.2667
27.968000000000007,23.638
24.428500000000003,21.456
15.7286,13.7388
19.5354,12.7245
16.8485,12.4061
13.677600000000002,9.9184
16.2932,10.4019
15.059800000000001,9.9627
15.497100000000001,10.4679
17.91,10.9687
20.8929,12.118599999999999
22.2989,13.381799999999998
19.1508,12.4138
19.8921,12.819
22.37,13.6933
20.345,13.5683
10.9658,6.5117
5.2817,4.71833
7.0920000000000005,6.1875
3.33354,3.05335
8.8706,8.3206
19.9131,19.0592
17.8936,16.5338
25.8334,23.4441
12.648900000000001,12.4787
11.6567,11.405
8.8099,8.5675
8.9733,8.5817
8.6416,8.3747
9.1193,8.8807
13.7208,8.7223
9.1981,6.3721000000000005
10.8944,8.1966
12.454299999999998,8.8628
16.0633,11.4117
14.294399999999998,10.3423
14.3767,10.79
12.684999999999999,9.3167
15.6567,11.185
12.588300000000002,10.0583
15.0967,10.3733
15.195,13.5158
16.8583,15.715000000000002
15.0565,14.0242
29.831,25.241500000000002
9.833,9.4679
8.5034,8.2262
7.101300000000001,6.492999999999998
9.1339,8.7963
11.2156,10.1789
14.159299999999998,12.4556
17.4465,12.3577
9.8697,5.8111
11.4226,7.4308000000000005
9.6393,7.6864
12.5613,10.5048
13.084,10.3862
14.7187,11.1693
16.3286,11.654000000000002
18.0697,12.432900000000002
20.1143,14.6063
22.08,16.9817
30.7733,20.6683
20.7617,14.4867
23.6367,15.1942
19.6333,15.559999999999999
21.9852,19.1369
20.4363,17.5843
20.1359,16.8724
21.4497,18.4839
21.5317,18.241
17.5535,15.130700000000001
20.7158,16.7958
22.3183,17.9374
19.5683,14.78
17.455,13.2825
16.5667,10.69
19.1833,10.965
13.774999999999999,10.38
11.77,9.3417
13.842499999999998,10.6507
15.1529,11.5846
25.757800000000003,16.4922
65.47399999999999,35.1464
41.861,26.652600000000003
31.103300000000004,23.755000000000003
6.111500000000001,5.577000000000001
9.6,8.6667
14.5467,13.64
21.6433,20.8733
13.3307,12.554700000000002
18.747,17.6963
16.4824,16.0471
13.4146,12.9862
14.2962,13.872199999999998
10.6179,9.8341
11.8826,10.8826
9.8356,9.1874
10.0059,9.0464
11.6463,10.5448
11.0732,9.7
14.961199999999998,8.3375
13.5549,8.0901
9.7881,8.5075
13.0451,11.5535
15.589399999999998,13.4697
17.4492,15.4025
14.565,12.8333
14.545000000000002,13.4717
13.7267,12.514999999999999
20.2367,13.775
9.5975,8.1917
5.1483,4.89917
12.3517,12.1217
11.9022,11.4963
18.8503,17.9388
32.6581,30.8802
10.2315,9.516
11.9314,11.298
19.3575,18.1593
16.6517,15.913299999999998
12.241900000000001,11.1645
17.9508,12.9557
11.8873,10.6606
9.2777,9.0431
6.8187,6.427800000000001
5.6696,5.4872
7.677300000000001,6.1886
10.6869,9.2028
8.3899,7.4156
5.3139,4.89913
5.9959,5.1151
5.1485,4.8899
6.136700000000001,5.7328
7.127000000000002,6.3313
8.6972,8.2486
10.0447,9.6096
7.7346,7.3741
13.7117,13.3567
10.275,9.8967
11.5133,11.0683
10.515,10.19
11.0933,10.6383
10.555,10.235
13.255799999999999,12.7083
11.7683,11.3
17.85,15.1167
12.9625,11.6483
13.3983,11.9058
15.7758,13.1617
20.5616,17.15
18.2715,13.008600000000001
16.1036,9.775
20.4056,12.9292
17.48,11.796700000000001
21.7184,13.407100000000002
44.504030777639294,32.27965790303225
30.6717,19.8939
28.5559,20.8706
31.76,27.708
38.4219,30.5788
30.1297,27.4328
38.9542,33.4452
36.3453,33.2416
24.283799999999996,23.1968
15.3335,14.820699999999999
17.8245,17.5019
24.3128,23.879700000000003
16.5974,16.4026
24.441899999999997,18.0597
23.0766,18.2084
20.6584,17.3427
21.3671,16.7175
16.8823,12.3189
8.8453,7.486799999999999
8.0306,7.0873
8.7667,7.6085
10.5586,7.807099999999999
10.4824,8.7549
16.0925,11.9209
18.7226,14.1113
16.995,13.835
18.9133,14.7783
18.995,14.5633
26.1517,22.16
36.1167,33.3167
13.088100000000003,12.1336
14.2517,13.4667
14.4075,13.4675
14.669,13.8629
19.845,17.675
34.3375,24.235000000000003
15.3302,13.7186
20.2942,15.9971
15.594699999999998,11.7487
20.79,8.85
9.3654,6.7077
10.3184,6.307899999999999
8.4354,5.6195
8.6915,5.2517
7.0046,5.44
9.2658,5.924300000000001
10.5416,7.145
22.0017,12.2191
31.05,20.1241
38.0137,26.5463
41.2619,32.3155
39.9232,30.453599999999998
26.043800000000005,20.0288
19.0177,15.645199999999999
13.7587,11.9635
12.359000000000002,10.7738
16.8767,15.4917
12.6583,11.5
20.4567,18.0508
12.545000000000002,10.2417
10.1833,7.823299999999999
12.6608,8.1892
11.1442,7.705
14.425,6.375
11.4192,6.628299999999999
9.8372,5.5616
7.930200000000001,4.84245
7.9133,4.995
12.630600000000001,6.5556
11.6605,6.3724
7.0947,5.2263
13.701900000000002,10.4824
17.9354,13.233599999999997
14.910600000000002,12.140899999999998
9.0186,7.5579
11.4293,7.8252
10.9953,8.4885
22.3523,20.5417
17.1663,14.898100000000001
19.8115,18.0893
13.2126,12.417
10.5847,9.1901
11.3539,10.0316
10.0783,7.4622
9.2825,7.7932999999999995
9.9108,9.3158
12.04,11.5917
12.0167,11.6267
10.7114,10.3386
9.3125,8.8358
10.7474,10.4632
10.5184,9.7237
6.5597,6.420899999999999
7.555000000000001,7.355
5.432,5.1320000000000014
7.793999999999999,6.1104
6.123500000000001,5.3618
5.4962,5.4104
4.0869,4.03586
3.21379,3.0954
4.44151,3.52075
7.534900000000001,4.5613199999999985
6.7019,4.971019999999998
7.202300000000001,6.4194
12.3852,11.5515
9.0198,8.1595
10.8623,9.8942
5.676,4.04476
4.7316699999999985,3.25
7.2508,4.36917
6.1608,3.56917
4.4325,2.38667
8.6167,2.83417
8.5389,3.69167
4.32206,2.38382
3.73034,2.47022
4.59557,3.4323100000000006
7.3341,3.97423
8.6688,6.273499999999999
6.8328,4.6363400000000015
9.6076,7.4611
12.156500000000001,9.4837
9.0851,7.7532
5.362,4.474069999999998
4.04531,2.88125
9.3571,8.4657
8.6361,6.8622
7.4728,6.526999999999999
9.0856,7.6075
5.615,5.4316
8.6188,8.43
9.838,8.5808
6.296299999999999,5.925400000000001
5.6,5.1941
8.4429,5.6224
11.567,7.1296
9.2611,5.3514
7.704500000000001,5.8589
6.9581,5.5283
6.0529,4.7588300000000014
7.0614,5.4498
8.1205,7.257999999999999
10.6743,9.4417
13.637999999999998,11.762399999999998
15.1683,12.4561
12.6952,8.7381
5.0358,4.9328400000000014
5.97,5.7783
10.93,9.7233
12.845,10.1833
12.2313,9.4063
16.4157,12.9371
16.335,14.548300000000001
17.4656,15.8484
19.1733,16.715
23.668000000000006,20.7828
28.8717,22.5042
23.0958,18.1367
20.9792,15.967499999999998
10.6446,7.7045
7.761499999999999,5.8458
12.15,6.078100000000001
8.8929,5.7929
11.7927,7.889600000000001
19.1385,14.7788
17.605,13.101700000000001
21.641,14.5082
16.1468,11.4823
17.4267,12.3276
25.4287,16.0278
26.0403,18.9079
45.6416,36.2799
36.0687,27.368700000000004
33.3118,26.9686
33.0306,26.039599999999997
22.8761,18.683
18.05,15.8117
26.0682,21.9102
32.7308,29.0692
31.8633,26.64
38.045,31.6667
25.810000000000002,19.115
26.333300000000005,14.3983
13.7633,7.223299999999999
12.4475,7.6342
15.49,9.3317
14.1983,8.6025
14.157500000000002,8.1658
19.9578,8.7448
21.4893,11.3286
20.5333,12.1392
32.6922,18.3594
34.6825,22.9377
28.2434,19.2118
28.7017,18.8933
25.857499999999998,19.244
28.9672,21.4431
25.5379,19.0212
25.2308,19.7344
24.9014,20.2748
28.5569,22.9935
35.1964,29.7105
40.7986,36.0456
35.1986,31.054699999999997
21.1776,17.3414
21.4574,13.3255
15.9146,9.9271
11.45,9.75
15.3028,9.9055
16.6646,10.5667
22.4876,11.5991
15.7865,10.0969
14.91,10.6283
15.113300000000002,10.71
22.8017,16.6083
27.5433,20.965
29.891699999999997,24.1267
32.7992,25.6975
21.38,15.2875
17.9133,12.569199999999999
24.4071,13.656100000000002
15.6467,12.334400000000002
15.667,12.9835
24.147399999999998,21.3039
18.7509,16.7175
14.0222,12.9284
16.9703,14.183100000000001
19.3801,15.1441
21.0064,16.2962
22.3333,16.902
21.212,16.5241
20.7246,14.9762
17.3169,13.6016
16.5438,13.138000000000002
17.5122,12.9942
18.4696,12.8245
20.3928,14.5171
18.4724,13.7943
28.410599999999995,17.3672
33.1833,22.6697
39.925,28.3037
39.7075,26.2183
41.5808,29.179499999999997
37.1187,28.9281
37.3588,28.973500000000005
34.113,26.8698
35.5367,28.573099999999997
42.0768,36.3738
38.0671,33.5365
35.05,31.275700000000004
31.552500000000002,29.728500000000004
30.6329,28.1482
25.2597,21.3082
27.652,21.0669
27.4547,19.3475
27.397499999999997,20.2925
25.418999999999997,17.1214
24.0623,16.7234
19.9703,17.0101
20.2317,15.1823
18.5978,15.367200000000002
17.4593,15.088300000000002
19.2919,17.1206
25.1813,21.4457
33.6095,27.739600000000003
38.641,31.850000000000005
35.1076,29.5042
29.005,24.7557
30.562300000000004,25.0815
31.7365,23.5238
29.475300000000004,24.170800000000003
27.6835,23.674499999999995
29.8482,24.778300000000005
33.4769,28.8866
34.5156,29.2721
32.0559,27.4625
32.2286,27.8841
37.1109,31.0064
32.76,26.1464
22.7621,19.1983
21.2435,17.0228
21.9784,17.2285
21.7541,17.9422
21.0211,17.0173
22.0345,16.7965
25.078699999999998,17.9822
34.0893,23.7428
38.6822,27.2699
49.8422,36.3462
49.51350000000001,37.4873
45.0862,34.841
61.194,38.0548
58.800000000000004,37.9332
61.44300000000001,43.5503
77.942,54.520999999999994
74.872,55.203
65.311,50.772
69.26100000000001,52.486
66.066,51.15500000000001
66.785,59.248999999999995
56.264,50.777
54.861,46.0128
58.505,47.015
59.87300000000001,47.3295
64.50399999999999,51.38100000000001
48.81320000000001,39.2444
51.69899999999999,41.5403
53.06399999999999,41.0744
50.479,39.6597
58.525,41.0645
54.863,41.3311
60.212,45.7944
56.38399999999999,43.8047
42.2506,35.1308
50.081,40.198
56.70499999999999,41.7483
30.8117,24.377000000000002
33.7705,27.594100000000005
36.6448,31.175400000000003
42.5341,35.4493
40.9605,35.9504
58.145,52.418
65.25399999999999,60.18600000000001
69.839,65.092
67.933,61.407999999999994
73.446,66.808
56.12600000000002,51.357
53.340999999999994,45.9931
45.8319,41.5957
43.8956,37.2404
43.8422,34.7344
47.8169,33.863
45.2579,35.8151
47.3747,37.3974
44.0984,37.091
67.006,52.044000000000004
63.265,51.015
59.373000000000005,51.404
59.871,52.986
61.549,54.772999999999996
65.556,48.96719999999999
56.48,49.0223
58.146,52.805
63.823,57.553
68.914,54.758
53.389,50.621
56.89100000000002,54.603
54.330000000000005,51.90899999999999
51.575,47.1103
51.719,45.6557
47.6278,43.5265
41.8354,37.5505
35.4378,29.276899999999998
39.9941,33.0108
34.1417,29.54
33.5192,26.4017
32.1643,23.9
27.9211,23.645100000000003
45.1707,30.3093
67.421,39.9239
66.226,46.4843
68.505,53.45
71.472,56.115
62.429,50.330000000000005
59.31399999999999,50.4
61.53100000000001,53.68600000000001
67.18,57.254
76.891,60.805
65.142,60.738
62.968999999999994,60.842
59.105000000000004,56.382
66.877,65.089
39.5264,37.9443
39.347,37.9054
41.3319,38.7947
38.6352,36.5056
33.8467,31.239999999999995
32.5983,25.5233
25.1324,21.1554
20.9933,18.0925
27.680000000000003,19.7783
21.5139,16.7185
33.8021,21.9247
39.9021,26.637599999999996
45.2842,31.2008
41.5241,34.7843
39.8517,34.725
43.7735,36.5716
42.1446,36.2522
38.2645,33.5462
40.178,35.078
41.8702,38.2845
44.2051,41.8769
55.8,55.8
65.195,63.058
55.797,55.319
50.062,49.57860000000001
44.6706,43.3814
36.2448,33.6862
25.6069,18.9562
19.3223,15.484500000000002
17.5006,14.806199999999999
19.8399,14.7125
16.9767,14.4917
18.9879,14.964
16.5113,13.6871
21.7917,17.075
29.3508,22.5746
38.4567,27.368300000000005
35.7133,26.6217
23.6342,20.87
22.4458,19.21
32.0225,24.2183
47.3802,45.0
46.1004,44.4007
35.6058,34.925
27.945899999999998,27.3288
33.0592,32.6197
54.375,46.5233
31.6422,31.1043
40.664,37.8088
31.8027,27.8918
23.9663,19.5015
38.1958,20.4569
56.779,20.4975
27.582400000000003,16.5076
23.4916,15.7645
20.9323,14.8812
26.187199999999997,20.5399
15.6049,13.932899999999998
19.1227,15.668200000000002
24.431,20.1225
29.553199999999997,25.054
41.0125,34.25
45.026,38.9169
44.35,39.3467
37.1617,34.305
38.8586,37.0217
34.7369,33.3705
32.4133,31.7683
30.415799999999997,29.1792
30.1433,29.8233
36.8167,35.7867
31.0706,29.7988
31.7753,30.119200000000003
43.7625,34.215
35.9712,30.975
27.435,24.06
27.386,22.158
19.95,18.655
19.6118,17.1764
18.875,15.8592
16.91,14.379999999999999
16.3813,14.981299999999997
16.5529,15.4588
32.4303,24.5079
40.3554,31.079299999999996
35.4905,30.931
34.8068,29.270300000000002
44.6885,35.3101
49.0553,39.9573
50.085,45.56100000000001
59.771,57.657
55.431,54.102
52.109,51.364
41.8349,40.9317
37.945,36.7833
41.4065,40.5226
42.5673,40.7549
39.335,38.395
37.7548,36.144
32.33,30.4417
29.244999999999997,27.084200000000003
25.950800000000005,23.825
30.664,22.6078
23.3217,17.8058
22.57,16.4492
24.34,18.3508
24.6189,19.1783
41.6305,26.689
33.6333,26.430100000000003
43.0432,36.3472
41.1576,37.0227
36.0291,34.1821
47.5611,43.7778
48.5904,44.7485
46.2431,42.7517
47.977,46.039
77.446,76.4
63.596000000000004,62.671
44.1641,43.9171
32.0191,31.910900000000005
31.3029,31.0971
35.5683,34.6963
33.4906,32.3201
28.6699,26.268500000000003
25.759699999999995,23.9139
24.963999999999995,19.2895
21.498,15.2355
17.85,12.365
27.9733,12.3517
13.2857,8.7222
25.112100000000005,43.0575
24.290100000000002,16.8967
25.1137,19.0493
25.850800000000003,20.4883
25.3683,23.7142
27.83,24.615800000000004
30.7009,27.703800000000005
36.557,34.6675
35.68,34.08
44.5222,40.9741
39.6163,37.4633
38.3364,32.5546
36.7453,34.4219
37.9721,36.1807
33.2981,32.2971
31.6791,29.696799999999996
32.9787,25.3738
41.5212,17.5365
41.3931,20.1977
18.7581,13.1866
16.4996,11.9844
14.0211,10.9293
15.2726,10.9679
21.4319,14.3792
19.2925,14.71
24.401400000000002,17.0083
34.0383,25.4017
37.3983,31.5767
38.2769,34.1569
35.2833,31.2217
32.25,29.554999999999996
21.5608,19.5467
23.7567,20.5925
20.7042,18.1908
22.4333,18.7958
19.925,18.0583
20.4717,19.4683
15.7508,14.7158
18.16,15.4045
21.0604,16.1047
23.1645,15.4842
23.15,12.087500000000002
32.1581,14.0884
34.1779,12.2579
42.322,10.2305
20.4019,9.1838
15.7167,9.1667
29.1441,14.165599999999998
31.2606,19.2416
30.4085,16.6753
34.5475,17.8119
29.299,19.1577
27.8157,17.3863
33.6392,19.9032
25.163699999999995,16.8638
34.8843,27.016700000000004
31.7703,27.9438
47.7984,35.7525
38.14,32.8267
26.9383,21.5617
27.9617,22.7967
29.445000000000004,24.4117
28.561699999999995,23.105
23.8216,18.4012
39.1315,26.0694
27.2071,21.4414
18.8675,14.7117
18.0345,14.1959
14.538300000000001,12.5367
17.065,13.370799999999997
16.9973,14.3959
19.1543,15.584
17.49,15.401700000000002
18.2314,15.8291
22.2094,18.2243
29.6033,22.3233
18.9884,18.0174
23.6023,16.6744
21.9059,19.6245
22.3149,20.3767
28.279199999999996,25.1396
30.2058,29.323300000000003
32.0292,29.833800000000004
22.2785,21.656
24.909999999999997,24.385
20.9659,19.9671
19.7226,18.7119
21.2295,19.1082
18.8035,16.5398
18.1333,15.174900000000001
20.3494,16.1487
18.6194,15.2298
15.255299999999998,13.419300000000002
14.3492,12.6342
15.2383,12.99
15.9183,14.2792
17.45,14.6692
21.109,16.9039
29.743300000000005,21.63
27.104,21.834
24.158300000000004,21.6627
23.6593,21.2935
27.9561,22.6742
22.8914,21.1273
26.8368,22.4733
24.3225,23.2583
24.0858,22.8917
21.0967,20.6633
23.565,21.575
21.3858,20.7792
19.2142,18.1542
18.5075,15.836699999999999
17.4061,13.9756
17.783,14.5906
22.2263,14.9961
29.3833,12.393299999999998
9.0803,6.8355
13.418899999999999,9.5167
11.6039,9.8491
11.6862,10.88
17.5429,10.5782
11.8983,11.062
8.7215,8.6604
5.1738,5.1672
5.9383,5.9267
5.8289,5.819
7.793700000000001,7.5095
8.6983,8.4033
9.8833,9.6567
11.13,10.8583
11.592,11.4116
12.7517,12.3957
13.1891,12.890999999999998
14.224100000000002,13.5374
14.954999999999998,14.1883
17.1842,15.3158
17.1212,15.677299999999999
14.955699999999998,13.5574
10.8065,9.7502
8.8594,7.594600000000001
6.2159,5.7864
5.8114,5.3612
7.8645,5.3118
13.3388,8.4317
15.1902,9.4667
18.1334,10.7167
24.791699999999995,16.8617
16.6217,13.688299999999998
19.6517,16.4533
16.9733,14.345799999999999
14.87,12.922499999999998
17.0103,13.5441
17.0226,14.1718
18.5819,18.4549
23.262,23.0963
13.166899999999998,12.964400000000001
15.5949,14.0918
9.7531,9.6918
9.2003,9.1716
8.0783,8.0611
5.0855,5.0778
5.4461,5.4436
4.88495,4.8811800000000005
4.3404099999999985,4.32166
3.50695,3.4996
3.77784,3.76706
5.0177,5.0077
5.8438,5.8393
6.2419,6.0465
7.427,6.959
6.9453,6.5203
5.4941,5.3088
5.426,5.2021
4.99222,4.69556
7.1431,7.1042
8.3622,8.2895
9.0403,9.0167
7.957999999999999,7.9329
8.4189,8.3806
8.174,8.1607
9.5227,9.4746
10.0031,9.8945
10.054,9.7271
9.6309,9.3044
9.6275,8.4398
9.2681,8.3863
9.9808,9.0443
11.9196,10.2697
12.0821,10.2008
11.6147,9.9054
13.026899999999998,9.9289
11.3919,10.0336
11.65,9.7416
13.8323,11.784
17.0117,14.6983
15.9417,14.5783
16.6167,15.536700000000002
20.6833,19.0942
23.6383,22.1267
20.4491,19.2982
21.6936,20.2686
20.271,19.7379
21.6706,20.488000000000003
23.9284,23.3732
33.7929,33.3162
41.75,39.7947
33.8368,32.0404
27.1347,26.6103
26.2261,25.4277
28.807899999999997,27.579
25.2783,22.6355
16.82,14.8269
12.651700000000002,11.844
13.0273,9.7457
11.4043,9.8315
12.632200000000001,10.134
13.8716,11.3514
17.7736,13.8631
20.8,18.2308
27.726,24.8403
27.068500000000004,24.9907
25.744799999999998,24.6875
26.1521,23.3155
23.9936,22.5512
26.1705,24.575600000000005
29.981899999999996,28.189599999999995
30.713400000000004,30.202699999999997
29.849499999999995,28.9281
33.8893,31.0917
32.435,30.681600000000003
26.360800000000005,25.5552
27.8476,25.6266
21.2149,19.6946
15.0341,14.831500000000002
19.6053,17.456
19.7234,17.5509
12.1796,12.0984
13.4708,13.159199999999998
20.3708,15.100799999999998
13.8612,11.3291
11.6601,8.7119
11.7241,10.5945
17.0918,14.8791
12.085700000000001,11.3295
11.065,10.8662
12.1041,11.5759
11.5112,10.6942
10.0656,9.4272
11.3346,11.0575
13.130900000000002,12.9277
14.2084,13.335099999999999
14.907400000000003,14.780800000000001
16.0277,15.8093
19.0658,18.5425
16.1537,14.8578
15.0447,13.371799999999999
13.723400000000002,11.8345
15.4892,13.2972
16.9701,13.0915
15.2391,11.81
13.7179,9.5925
10.6727,7.8399
13.335900000000002,8.2119
14.3149,8.9357
13.9899,10.3201
16.4594,12.071200000000001
14.727299999999998,12.510499999999999
14.249,11.2833
7.6293,6.8742
8.707,5.5995
6.773299999999999,5.6853
5.6753,5.4508
6.681099999999999,6.176199999999999
6.637599999999999,6.5512999999999995
6.5523,6.306
7.464900000000001,6.2755
9.4678,8.6719
13.392499999999998,12.8574
16.3332,15.2229
16.3577,15.575500000000002
18.5294,17.4404
13.455199999999998,12.306799999999999
10.8041,10.1047
8.8449,6.9236
8.4238,5.7722
8.4487,6.6134
12.875,9.9396
12.797000000000002,9.9032
14.730600000000003,11.4915
18.3844,12.990800000000002
16.0271,12.445300000000001
13.158799999999998,12.1311
10.4076,9.5052
10.9808,8.8992
9.06,6.914999999999999
6.139199999999999,5.4067
5.1608,4.53
4.410830000000002,4.22667
4.3758300000000006,3.98083
6.6122,5.7844
12.46,11.8417
19.3689,19.177
16.2708,15.5667
11.9786,10.8944
9.8136,8.8795
10.4769,8.2962
8.7069,8.3833
11.0077,7.4731
13.3508,8.7984
11.0509,8.7446
9.4244,8.2897
16.8664,12.1536
13.1101,10.6059
13.4486,11.2306
11.6775,10.5406
13.244200000000001,12.211699999999999
10.3111,8.9524
7.4594,7.224999999999999
5.555,5.535
5.4579,5.3605
6.4014999999999995,6.1485
6.1483,6.0517
5.59,5.53
4.615,4.605
5.66,5.3033
5.4617,5.365
7.9683,7.476699999999999
8.0217,7.4367
9.6383,7.8767
8.113,6.7491
8.3263,6.5008
8.4017,5.9192
8.0675,5.6887
8.1379,5.3147
8.33,4.32667
8.5676,5.1529
6.099100000000001,5.1443
10.7444,8.1444
9.7937,8.388
8.4021,7.8568
7.487199999999999,6.9906
6.621,6.2588
6.1253,5.8968
4.9698400000000005,4.68016
4.43167,3.92833
3.65818,3.57636
4.30159,4.07302
3.5716699999999997,3.51833
3.86714,3.8200000000000003
4.359380000000002,4.203130000000002
6.1767,5.9383
7.2833,6.5117
7.8092,6.058299999999999
10.525,6.375
9.9917,6.039999999999999
10.6783,7.3492
9.0783,6.2517
16.2433,6.0608
10.8814,4.53983
14.172500000000001,10.4975
14.6226,8.7242
8.8198,5.5563
8.1972,5.6722
4.2171400000000006,4.13143
5.1299,4.60841
5.0378,4.78108
4.3360699999999985,3.86476
3.0789099999999996,3.05078
2.71216,2.58243
3.1699200000000003,2.92782
2.76111,2.61889
3.7805100000000005,3.69407
3.112,3.1026700000000003
2.68333,2.67833
4.26667,4.06508
6.5104,5.7104
6.510000000000001,6.145
7.3017,5.95
12.165799999999999,6.5942
16.2267,8.235
14.8242,4.11833
2.9175,2.50667
16.155,4.90083
10.3017,3.7375
9.1458,3.8391699999999997
8.63,4.0425
6.4277,3.86786
5.8524,4.63214
5.7958,3.79792
6.557899999999999,5.8184
4.594119999999998,3.85098
2.99706,2.69853
3.35476,3.2833300000000003
9.4384,8.956
5.377999999999999,5.1983
4.89243,4.63109
4.33788,4.22651
6.5057,6.320500000000001
4.72881,4.71356
4.69118,4.68039
4.94,4.9191699999999985
4.69259,4.69259
5.9029,5.6623
7.894800000000001,6.3552
7.441900000000001,6.0194
6.1646,5.4492
6.2917000000000005,5.3217
6.8467,5.4117
7.180900000000001,6.0249999999999995
10.0733,9.14
9.3483,9.0717
7.1425,6.6508
6.505,6.338299999999999
5.5433,4.9275
6.5175,6.180000000000001
19.1325,18.92
5.015,4.6916699999999985
9.6758,9.5942
10.0116,9.2107
11.8675,11.5533
11.5205,10.9026
5.6617,5.6021
3.94872,3.89231
4.85227,3.86818
4.37059,4.0911800000000005
6.9275,4.91625
6.8,4.4
5.8,3.15789
2.45806,2.29677
3.4059699999999995,2.19254
4.96972,4.07817
4.0957,3.77957
6.9972,5.1906
9.3359,5.3359
9.4086,7.607800000000001
8.3472,7.5571
6.1252,5.7262
6.1521,5.7352
7.8296,6.1914
10.0635,9.7794
10.695,9.68
11.8143,11.4635
5.65,5.63
6.5583,6.49
5.81,4.83333
8.6167,8.0467
5.3592,4.495
7.79,7.031700000000001
8.0308,5.6008
7.7808,6.0558
8.0542,7.0466999999999995
8.7025,7.615000000000001
7.4617,6.8642
7.5533,6.94
8.751,8.04
10.6439,9.6258
13.529499999999999,10.6714
17.3757,13.0957
16.8543,14.4935
14.304599999999999,12.627700000000003
13.3734,12.9703
12.6,11.375
10.155,9.5408
10.5182,10.1061
8.2523,8.1227
8.7104,8.4496
13.223600000000001,13.0309
15.2834,15.1154
7.2538,7.083200000000001
4.1391300000000015,3.8
4.96691,4.89485
8.0,7.096599999999999
8.2964,7.2143
8.5451,7.1183
10.5689,7.7869
11.75,8.2433
8.79,6.2633
6.5435,5.7968
8.5117,6.740000000000001
13.503299999999998,7.84
10.0082,8.2672
11.7417,8.8975
12.4433,10.635
13.08,12.4625
17.345,16.305
16.6708,14.884999999999998
10.1633,8.9817
10.6389,9.8787
13.1908,11.1367
13.9746,13.1881
15.094999999999999,10.035
9.6518,7.901800000000001
7.68,7.5933
10.275,8.275
10.05,8.8454
14.6867,12.42
13.153,10.7565
15.6079,11.1908
18.8511,10.6022
36.2771,11.1608
12.8955,7.4443
17.6923,10.1141
15.4205,9.7051
14.4655,9.9052
11.929,11.1271
15.452500000000002,13.0919
14.5314,12.6837
13.0048,12.829
16.8842,14.892899999999997
11.4273,11.1125
12.848,11.053
19.5255,19.3506
11.6305,11.6134
7.5611,7.1022
5.8522,5.7205
4.46989,4.403980000000002
3.475,3.415
4.56354,3.93854
5.1824,4.84071
8.8924,6.780499999999999
7.9164,6.5008
14.253699999999998,10.2628
28.693700000000003,9.7255
11.2744,8.6308
10.1132,8.5182
12.6111,9.8684
10.2247,8.2022
10.5003,9.8145
11.6465,10.3637
13.8227,12.220999999999997
13.541300000000001,12.2543
13.164099999999998,12.7614
15.2031,14.5734
14.376100000000001,13.2728
12.271300000000002,11.6592
9.6085,9.4379
9.6519,9.3259
7.8989,7.808
7.6534,7.5612
10.3261,10.1714
10.5444,9.0374
9.1059,8.9302
30.727,30.6324
17.1712,16.7865
25.1017,11.0822
17.9883,16.433
10.5434,10.1632
12.444600000000001,10.8882
8.8791,7.7643
13.213199999999999,9.7737
11.8651,10.2827
10.6344,9.7125
10.0189,9.8034
12.067500000000003,11.75
12.4743,12.235000000000001
13.1867,12.4803
14.1689,13.8655
12.9785,12.6021
10.5824,10.5118
13.0994,12.7885
12.9156,12.8674
9.5951,9.2704
12.7483,11.8283
13.639599999999998,13.3857
13.6227,12.4933
14.0792,13.756900000000002
17.0139,16.2736
14.7836,13.811100000000001
14.552599999999998,13.6921
18.0632,13.4632
16.242,14.424299999999999
17.735,13.8993
16.1316,12.528399999999998
17.1933,11.4943
17.7091,11.21
23.9833,13.496699999999999
19.6966,12.461700000000002
28.908599999999996,17.8834
33.5,19.7111
34.7903,21.1735
31.216499999999996,23.3471
36.7769,29.6596
45.0866,34.7046
41.1597,36.2218
45.6923,41.7897
43.2949,37.4988
35.8363,34.5393
22.5427,21.939
16.8665,16.3872
24.210899999999995,20.2367
24.6688,21.7594
22.3476,18.6757
23.2193,17.4156
25.897699999999997,21.6
27.7112,21.9075
25.379,19.6512
20.1474,18.22
21.8893,18.2036
21.1077,17.4905
26.081899999999997,18.8089
25.472500000000004,18.6025
25.255,19.6124
37.8446,21.5341
32.7744,23.3359
38.3705,28.3765
42.4826,30.5892
41.1058,30.5791
44.3467,35.0728
37.3328,32.4292
26.669000000000004,23.774
30.920199999999998,26.8726
48.417,38.0881
27.639,26.676
21.6714,20.581
31.8159,27.735200000000003
37.3767,34.45
49.5627,28.4919
90.898,79.44
87.958,71.766
83.052,66.378
63.96500000000001,52.637
47.5678,38.5609
49.42629999999999,35.3482
52.185,36.5604
67.95,44.4555
73.25399999999998,51.43099999999999
77.017,57.111000000000004
82.819,64.34100000000001
92.55,74.559
99.584,79.275
93.239,76.597
101.92800000000001,83.351
101.70700000000001,83.927
104.31600000000002,86.911
99.40599999999999,85.77
96.89399999999999,85.559
95.637,84.118
67.346,60.98
61.492,52.358000000000004
64.298,52.83899999999999
70.888,54.20399999999999
75.423,58.35799999999999
70.014,53.8
67.023,52.072
58.71100000000001,46.175
57.352999999999994,46.0875
66.408,49.6241
66.219,50.770999999999994
80.719,59.777
92.299,68.23100000000001
94.026,73.645
94.453,75.626
94.721,78.544
116.479,91.476
121.89299999999999,99.043
116.624,98.689
111.205,97.182
122.46099999999998,111.35399999999998
115.45700000000001,107.991
100.365,94.06400000000001
105.675,99.146
112.978,105.31900000000002
110.618,100.67099999999999
103.294,92.134
103.614,89.53399999999998
93.217,81.32
67.262,59.203
54.57100000000001,48.584900000000005
40.37,35.8077
36.6964,30.3813
33.6497,25.436699999999995
48.9907,32.1049
46.0947,31.21
63.609,48.41689999999999
67.976,55.566
67.23,57.455
66.57,57.17999999999999
72.524,61.19300000000001
82.65899999999998,67.0
90.674,76.653
73.418,65.277
38.6581,35.4511
29.5544,23.5986
24.7325,20.2703
24.3769,21.7823
20.6191,17.1591
21.6926,18.0
27.1951,20.4365
25.821599999999997,18.1908
25.674699999999998,17.0035
24.3783,17.4831
24.586600000000004,17.6061
22.9983,18.0417
23.4979,18.4598
23.8529,18.6128
25.791699999999995,20.0574
26.8233,20.6056
32.8896,24.9574
36.4219,28.7252
46.0056,35.8975
44.1625,36.0763
49.66210000000001,41.6979
58.44300000000002,50.676
53.69600000000001,48.1311
54.878,49.03979999999999
69.195,63.974
46.3331,42.9641
31.040000000000003,28.3263
37.9774,35.9547
32.0638,29.529500000000002
36.5097,33.0572
31.1864,26.4364
33.208,27.4192
30.7449,25.412799999999997
34.9677,28.2133
30.7958,25.3247
25.3585,21.6107
28.8756,23.5704
31.4082,24.433500000000002
39.5949,28.9175
48.0608,34.9563
70.458,49.1776
65.726,49.7014
76.891,58.345
78.551,62.038999999999994
80.634,63.867000000000004
86.50299999999999,65.194
75.914,64.37
99.08799999999998,84.117
87.75399999999998,77.048
86.53200000000002,77.632
92.611,86.257
85.14,80.032
74.258,69.721
58.12700000000001,53.577
65.365,59.393
57.094,50.061
38.7665,32.4293
39.1575,31.6197
32.2799,27.240299999999998
33.1,28.055800000000005
40.0325,30.116800000000005
37.5311,29.3757
33.5135,27.3834
42.2335,32.6499
57.5,46.2249
60.87899999999999,51.458
68.848,59.036
63.308,54.71900000000001
59.924,43.0076
42.9295,35.503
41.5353,35.5101
73.99,68.891
72.502,69.39399999999999
94.916,90.947
71.637,68.843
48.8174,46.4237
61.566,58.720000000000006
62.242000000000004,58.056000000000004
52.688,47.2688
40.326,33.1049
31.727,25.1597
27.0387,21.7401
26.0222,20.8244
21.6633,17.7939
19.0086,15.991500000000002
19.3312,15.558900000000001
20.4344,16.5806
24.2932,18.3618
36.015,25.653
38.7415,28.792
25.330900000000003,20.6666
23.9859,20.6051
20.2778,15.9303
18.7536,15.7939
20.7198,18.1642
23.8311,21.6496
42.5901,37.563
31.700700000000005,29.5268
33.0044,30.7107
40.0481,36.532
30.5959,28.339199999999998
35.0889,31.7722
33.9293,27.625
35.7127,26.9021
37.5442,32.0519
24.858,21.6042
21.0749,17.2332
18.5943,15.3174
17.0553,13.5872
18.8286,14.1883
17.5252,14.201
21.8483,17.6138
33.0592,27.3295
43.2468,35.0005
38.81800000000001,31.879000000000005
34.6466,28.0013
33.7748,25.5268
36.7569,28.6616
35.7253,29.7934
32.0891,26.851999999999997
31.612,26.6508
68.528,63.541999999999994
65.406,61.196999999999996
82.194,71.119
78.065,68.377
78.167,70.018
69.297,62.19199999999999
51.173,43.7169
48.94780000000001,41.865
36.3648,29.3908
33.2151,26.625799999999998
31.2135,25.259999999999998
30.181200000000004,24.397900000000003
36.5679,28.3762
34.6733,27.877700000000004
37.1407,29.487
46.173,35.6035
37.7138,30.8514
41.2674,33.8639
39.1689,34.5049
42.8907,36.8002
50.41899999999999,44.3801
55.005,48.1265
54.948,48.2328
49.49819999999999,43.88399999999999
49.27320000000001,44.01
47.9312,43.0176
48.07100000000001,41.5697
52.446999999999996,45.8802
55.888000000000005,52.553
64.491,60.74800000000001
65.986,62.187
69.084,67.247
68.916,67.578
58.465999999999994,57.32
59.893,56.293
53.53199999999999,49.8159
54.944,49.7013
59.585,52.897
58.494,52.217
63.88699999999999,55.849000000000004
71.99,64.363
74.429,65.217
72.206,64.11
71.71,64.627
69.095,61.93299999999999
71.834,68.035
64.0,61.78100000000001
43.56,41.6602
45.7853,45.2328
49.054300000000005,48.736000000000004
54.558,54.268
45.6474,45.1074
51.394,50.912
55.971,55.045
50.512,49.2109
45.047,40.5163
52.751000000000005,42.1201
40.1192,32.6398
33.2719,27.8925
28.5784,23.697900000000004
18.0646,14.5843
18.0246,14.7558
19.224,15.345000000000002
24.203700000000005,19.1817
23.8279,19.2675
22.6318,19.5693
23.3699,20.8084
29.7014,25.8054
29.0972,25.235799999999998
26.9402,24.7335
27.288300000000003,25.0649
43.6872,40.4549
41.4795,38.6167
30.973399999999998,29.021599999999996
34.5844,31.567399999999996
24.5853,21.7415
28.4062,24.798699999999997
32.6885,27.356599999999997
33.6021,28.5734
29.581400000000002,24.456599999999998
30.2305,25.352
26.0701,22.5523
22.689,20.3861
22.6109,19.6245
24.8968,21.3996
30.764,25.928
34.7827,28.8659
41.4319,36.1028
47.4217,41.0576
49.528,42.9473
51.68,45.8561
52.86899999999999,47.325799999999994
55.727,48.5055
57.068999999999996,49.0588
61.645999999999994,52.46500000000001
62.229,53.789
57.962999999999994,51.52700000000001
63.900999999999996,56.81800000000002
65.26,60.086000000000006
62.312,58.632000000000005
65.428,61.393
58.572,54.544
61.788999999999994,56.918000000000006
64.744,60.04699999999999
58.98800000000001,54.949
52.295,49.3427
53.95,51.107000000000006
51.115,49.009299999999996
52.188,49.558
52.20199999999999,49.8888
54.799,51.778000000000006
62.577999999999996,59.06100000000001
62.252,57.897
59.506,56.501999999999995
56.60499999999999,53.826
50.033,46.0532
54.51300000000001,51.20499999999999
68.468,63.900000000000006
64.638,61.26
55.621,52.619
53.487,51.718
61.422000000000004,58.652
62.87600000000001,60.331
63.297999999999995,60.222
53.516999999999996,50.03399999999999
57.525,50.131
86.73899999999998,80.169
58.964000000000006,55.337999999999994
36.7718,34.2966
34.629,31.495100000000004
34.0175,31.2837
35.6948,33.3477
36.8003,34.3785
35.4436,32.7602
40.1474,36.7198
42.9361,39.1615
46.6555,43.11
52.819,49.0601
60.69300000000001,55.841
59.254,56.302
56.32299999999999,53.341
62.271,58.993
49.2527,47.4354
46.9213,45.5084
53.375,51.573
53.07100000000001,52.487
56.088,55.49600000000001
56.195,55.37799999999999
64.361,62.025000000000006
58.083,57.725
54.82,54.62
55.00100000000002,54.66299999999999
52.56199999999999,51.977
52.265,51.757
51.17,50.886
49.850300000000004,49.055
50.254000000000005,48.288399999999996
50.985,48.143899999999995
49.3518,46.5911
52.617,51.02000000000001
54.295,51.292
56.694,53.662
48.8415,47.4059
46.0619,45.5477
51.26200000000001,50.812
75.192,74.579
62.40699999999999,62.01600000000002
47.6913,47.476000000000006
30.616,30.4414
42.0964,41.7771
37.5286,37.2431
29.8457,29.6211
28.3028,28.0018
30.7201,30.2918
32.9805,32.559
25.609199999999998,25.1836
26.8319,26.1628
26.732799999999997,26.289799999999996
27.6642,27.272199999999998
21.5146,21.301
23.1247,22.6073
30.6893,27.4972
93.218,51.33400000000001
97.66600000000001,58.07
108.51799999999999,64.962
63.96100000000001,46.88
43.945,35.6903
29.9748,28.677300000000002
32.1339,26.557
30.1785,27.5597
42.628,40.9579
33.7242,31.6476
21.794,20.9688
18.8654,18.5801
26.1863,25.7994
37.1762,36.4818
29.157,28.2093
30.937899999999996,28.9919
26.899499999999996,24.7923
29.023499999999995,25.5606
24.7741,22.048
40.9074,28.2869
39.9563,27.363400000000002
37.7007,28.922
41.639,28.7318
37.6588,26.284800000000004
46.0449,31.3237
24.455600000000004,19.6138
22.9951,18.2847
19.48,16.4811
22.5642,19.8322
22.0211,19.8342
27.5062,26.3687
29.8074,29.361299999999996
28.1923,27.825600000000005
26.3884,25.041199999999996
36.5983,35.2773
43.8369,42.3153
30.039299999999997,28.2214
17.1422,16.8058
17.7357,17.3264
24.6488,22.4845
30.1701,25.8062
25.3146,21.6245
20.908,17.7686
15.616199999999997,13.8811
13.2617,11.2459
13.5227,11.6617
12.7744,11.0546
15.7492,12.692399999999997
18.1725,14.3472
22.2572,17.5066
22.8047,19.0133
23.1751,19.3417
23.4022,19.7852
23.8878,20.3652
22.5455,19.8712
19.119,17.3948
26.7252,25.3419
16.2717,15.580099999999998
13.3054,12.386
13.5062,12.0518
14.8976,13.34
15.3917,14.1888
16.2692,14.8667
20.2817,17.7241
23.839,19.8431
24.307699999999997,16.9717
19.0657,14.516300000000001
15.1134,12.6879
14.2408,11.4132
11.4438,9.1012
13.835200000000002,10.1783
13.146099999999999,10.5655
15.6215,12.2344
26.087200000000003,19.2468
32.6258,23.9113
32.6356,23.840999999999998
31.0951,24.6904
25.1489,20.7252
26.4201,22.4548
29.154100000000003,26.2519
28.113900000000005,25.526399999999995
52.51800000000001,49.9755
65.83800000000001,62.427
61.309999999999995,58.538
60.679,56.602
44.7843,42.6261
39.1729,36.4304
40.0033,36.5346
42.7381,33.8336
38.7572,33.0427
37.4251,33.5979
36.139,31.7429
31.4842,28.5563
26.022700000000004,23.6069
24.6387,22.0525
26.745899999999995,23.3155
27.701100000000004,24.0231
43.8313,33.5966
57.428999999999995,47.38969999999999
61.685,53.73599999999999
58.717,52.17100000000001
48.0408,43.4462
46.2635,41.8633
53.85300000000001,50.36600000000001
56.699,53.623999999999995
80.732,77.119
68.484,64.995
82.295,79.48899999999998
87.464,85.193
69.059,66.278
78.865,72.77600000000002
67.13,58.38
57.412,52.356
44.3916,40.528
42.5908,39.0688
35.7567,31.8651
23.1347,20.5504
20.2451,17.6179
21.8543,18.1785
37.0974,31.2988
39.8842,33.6153
57.266999999999996,45.5249
81.086,70.699
93.434,81.148
98.464,88.306
55.870000000000005,49.121
62.725,56.815999999999995
86.413,80.964
65.514,62.19
43.2845,41.4739
39.1457,37.477
33.4165,32.0731
43.8758,40.194
48.6277,45.4644
46.0959,42.9183
58.57,52.7
48.33270000000001,42.6482
42.9488,32.3335
31.9973,24.5851
23.9469,20.7942
20.9798,17.0248
16.5692,13.7142
17.8747,13.5569
19.2454,15.6603
21.6255,17.6889
31.8908,24.8938
56.643,47.1778
56.502,48.682100000000005
55.92799999999999,47.5388
43.8939,37.4797
72.598,66.473
109.885,102.56999999999998
103.49,97.488
132.732,125.799
84.083,80.52
70.46300000000002,67.58
75.314,72.126
64.124,60.645
50.10199999999999,47.8296
64.884,59.911
60.32,52.86
37.7631,33.0062
29.5473,24.608699999999995
26.2068,22.0691
20.4441,17.680999999999994
17.8717,14.7728
15.935599999999999,13.3401
17.0668,14.458699999999999
19.4238,15.628
36.609,26.8404
58.199000000000005,45.4504
51.686,44.38800000000001
75.259,66.773
79.54,69.908
72.05,62.73199999999999
78.139,72.797
82.559,77.399
70.199,65.889
84.619,76.054
89.51100000000002,83.48299999999998
91.166,85.664
83.26799999999999,79.07
74.898,70.062
61.75,55.455000000000005
57.27199999999999,50.96900000000001
51.245,45.1209
33.4034,28.189199999999996
19.7203,16.102999999999998
18.5322,14.6098
16.5086,13.700400000000002
18.0299,13.5498
20.6689,15.604399999999998
25.147,18.271
51.95,37.8763
65.07600000000001,50.770999999999994
55.703999999999986,44.826
41.1494,32.3663
40.6826,33.3335
55.826,47.9424
59.709,51.534000000000006
52.782,45.0698
47.3388,40.397
44.601000000000006,38.7905
46.0929,40.7897
68.208,62.734
88.38600000000002,79.314
66.626,57.984
67.501,57.274
85.04899999999998,73.237
95.492,83.26100000000002
75.02600000000002,64.253
52.937999999999995,41.1546
46.2902,36.7125
45.6545,36.4373
45.0844,35.5151
39.5197,30.1029
42.9726,33.2311
52.144,40.7546
64.672,53.868
70.431,61.07
67.069,57.857
66.61,55.63399999999999
70.55,62.363
73.094,64.304
72.817,65.62
80.805,73.796
83.31200000000003,76.461
76.943,71.229
99.639,93.324
101.392,96.206
86.44,83.13799999999998
83.98200000000001,79.04
102.504,95.994
105.89000000000001,99.036
96.823,89.79799999999999
68.975,64.745
57.59,54.812
60.90400000000001,57.398
69.347,64.362
67.96300000000001,61.76199999999999
65.164,61.878
56.269,53.93899999999999
56.527,54.636
50.045,48.62370000000001
47.6887,46.0606
35.0632,34.1476
28.3605,27.7634
35.1489,33.9242
33.2776,32.5819
28.2842,28.049
29.4085,28.9745
25.6115,25.3548
51.621,50.045
57.128,56.15
61.69600000000001,59.87199999999999
66.39399999999999,64.561
61.356,57.679
59.342999999999996,55.453
54.186000000000014,49.4593
46.8474,41.9671
28.3924,22.4662
23.8624,21.5102
23.4839,19.5389
29.4605,24.3887
38.6258,33.3848
53.28,44.0959
61.56399999999999,53.52
71.43,65.53699999999999
82.734,75.706
78.003,72.482
81.182,78.168
91.65,88.43799999999997
79.54899999999998,77.691
67.34100000000001,66.03
63.14,62.12600000000001
70.42699999999998,69.452
78.671,77.657
105.143,101.507
105.089,98.33799999999998
125.702,118.298
119.042,111.832
93.736,88.10700000000001
55.13100000000001,50.55899999999999
36.1688,32.4746
31.9786,28.798700000000004
31.2034,27.8024
32.3131,27.1553
35.764,30.2204
39.8785,32.6566
53.95300000000001,43.5265
79.15,66.734
91.576,79.655
90.093,81.092
82.31200000000003,75.385
80.14,74.002
90.742,84.49
86.609,81.803
88.405,82.314
93.046,87.93
134.911,129.336
116.12,114.08699999999999
113.743,111.04
117.753,113.204
118.84999999999998,115.234
111.738,106.516
111.18,105.17300000000002
93.291,87.87899999999998
76.745,71.55
64.316,59.59499999999999
57.059,48.4178
44.8751,39.6331
45.1278,39.8295
54.76899999999999,47.0208
67.283,58.230999999999995
76.95,68.17699999999999
83.631,74.634
89.206,75.95100000000002
85.26700000000002,76.65100000000002
92.616,86.852
92.464,87.56299999999997
89.85,83.648
87.74700000000001,83.23700000000002
100.085,96.62000000000002
109.179,106.966
106.622,105.21
80.59100000000002,79.722
73.898,73.202
78.715,78.1
83.993,83.50299999999999
68.783,68.31
67.51100000000001,66.821
65.40899999999999,65.14399999999999
58.46399999999999,58.19300000000002
52.923,52.751999999999995
58.678,58.31
60.96699999999999,60.63800000000001
61.53600000000001,61.26199999999999
52.496,52.24600000000001
48.19839999999999,48.0629
48.5088,48.4042
46.9722,46.8176
43.157,43.0908
38.7344,38.6818
43.9977,43.9238
46.3285,46.2706
51.345,51.249
46.1947,46.1411
46.344,46.2869
38.4891,38.4393
36.9867,36.9183
33.5778,33.4692
41.06399999999999,40.9018
43.0917,42.9245
45.8896,45.6763
40.2322,39.7162
42.5769,42.2207
47.82899999999999,45.9298
46.1872,44.2409
48.35680000000001,44.8301
49.177,44.8087
55.657999999999994,48.6803
55.485,49.3051
56.42100000000001,50.989
68.14,60.709
68.563,62.563
59.64399999999999,54.527
60.26300000000001,53.78100000000001
60.887,55.34300000000001
62.665,57.723
56.193000000000005,52.56100000000001
57.06499999999999,51.82
69.64,66.69800000000001
86.17299999999999,82.99799999999998
85.975,78.889
72.422,68.191
72.118,65.527
75.059,66.608
67.214,60.94
68.253,62.857
53.557,49.7137
52.296000000000014,47.8129
52.069,47.4673
44.65600000000001,40.81800000000001
46.0386,42.0519
53.005,47.4504
58.508,51.83600000000001
55.803,49.8655
52.49499999999999,47.07370000000001
57.459999999999994,52.202
54.471000000000004,49.3833
58.708999999999996,51.694
52.357,48.7031
50.627,49.6345
55.169,54.812999999999995
27.366,27.2487
28.853299999999997,28.6697
20.7656,20.6707
18.976,18.8774
21.6112,21.5088
20.2408,20.1438
20.6899,20.5403
18.2589,18.1387
16.4038,16.2157
16.3926,16.2349
18.8171,15.3649
16.05,9.6882
11.5645,9.3234
18.2949,14.573699999999999
11.9504,11.5092
9.2769,8.5726
11.9109,8.6785
20.5894,14.8578
24.545000000000005,20.1798
24.075,20.774
25.716699999999996,23.6805
26.323,25.182599999999997
28.1074,27.465000000000003
28.4927,28.0086
29.9148,29.3542
34.3559,33.641
43.2383,41.8263
44.9366,40.3594
38.0783,35.9768
41.5597,37.1841
44.011,39.3911
36.9008,30.840799999999998
29.130200000000002,23.8919
25.3976,21.8526
23.7869,21.1935
23.1304,20.8137
23.4063,21.1558
24.237199999999998,22.2332
30.5452,26.517599999999998
30.3558,25.500100000000003
41.4928,32.1252
54.222,41.914
57.444,44.474
51.849000000000004,44.0506
57.181,46.6466
48.0013,39.4293
